[{"model": "contenttypes.contenttype", "pk": 1, "fields": {"app_label": "admin", "model": "logentry"}}, {"model": "contenttypes.contenttype", "pk": 2, "fields": {"app_label": "auth", "model": "permission"}}, {"model": "contenttypes.contenttype", "pk": 3, "fields": {"app_label": "auth", "model": "group"}}, {"model": "contenttypes.contenttype", "pk": 4, "fields": {"app_label": "auth", "model": "user"}}, {"model": "contenttypes.contenttype", "pk": 5, "fields": {"app_label": "contenttypes", "model": "contenttype"}}, {"model": "contenttypes.contenttype", "pk": 6, "fields": {"app_label": "sessions", "model": "session"}}, {"model": "contenttypes.contenttype", "pk": 7, "fields": {"app_label": "sites", "model": "site"}}, {"model": "contenttypes.contenttype", "pk": 8, "fields": {"app_label": "webserver", "model": "fileresourcemodel"}}, {"model": "contenttypes.contenttype", "pk": 9, "fields": {"app_label": "webserver", "model": "imageresourcemodel"}}, {"model": "contenttypes.contenttype", "pk": 10, "fields": {"app_label": "community", "model": "communitypostmodel"}}, {"model": "contenttypes.contenttype", "pk": 11, "fields": {"app_label": "community", "model": "noticepostmodel"}}, {"model": "contenttypes.contenttype", "pk": 12, "fields": {"app_label": "community", "model": "studentcouncilmodel"}}, {"model": "contenttypes.contenttype", "pk": 13, "fields": {"app_label": "community", "model": "studyclubmodel"}}, {"model": "contenttypes.contenttype", "pk": 14, "fields": {"app_label": "reports", "model": "report"}}, {"model": "contenttypes.contenttype", "pk": 15, "fields": {"app_label": "reports", "model": "reportfile"}}, {"model": "contenttypes.contenttype", "pk": 16, "fields": {"app_label": "accounts", "model": "emailverification"}}, {"model": "contenttypes.contenttype", "pk": 17, "fields": {"app_label": "accounts", "model": "profile"}}, {"model": "contenttypes.contenttype", "pk": 18, "fields": {"app_label": "accounts", "model": "passwordchangerequest"}}, {"model": "sessions.session", "pk": "0bfie91xhu9mhq405u47xoq9hft9q8sx", "fields": {"session_data": "YThiNGM2NjljNWI2ZDY3MDliZmIwOTlmMGQ5MmZjN2I3ZmRmM2Y3YTp7Il9hdXRoX3VzZXJfaWQiOiI0IiwiX2F1dGhfdXNlcl9iYWNrZW5kIjoiZGphbmdvLmNvbnRyaWIuYXV0aC5iYWNrZW5kcy5Nb2RlbEJhY2tlbmQiLCJfYXV0aF91c2VyX2hhc2giOiJhYzFhODRkY2RlMDhkZTBmMzgwOTA2NWMwMGI3NmE1ZmFhMjRhODJhIn0=", "expire_date": "2018-12-15T07:12:13.627Z"}}, {"model": "sessions.session", "pk": "106b9am6qygvgeonp0hhh6sv54rw69bw", "fields": {"session_data": "ZjVhODQ4ZTg0MDFmMDc2MGE5Yzg5NTRlY2ZlMjhmNDdjOGI5MjM2MTp7Il9hdXRoX3VzZXJfaWQiOiI5IiwiX2F1dGhfdXNlcl9iYWNrZW5kIjoiZGphbmdvLmNvbnRyaWIuYXV0aC5iYWNrZW5kcy5Nb2RlbEJhY2tlbmQiLCJfYXV0aF91c2VyX2hhc2giOiI0YzNjOTllNDQwMTRiN2Y4ZGM1MTExMmMwMjNhZmRhNmJlYzI0MWYxIn0=", "expire_date": "2018-07-30T02:08:35.572Z"}}, {"model": "sessions.session", "pk": "1ebdgr02e3uhkufo6u2yb1rw1akiqq17", "fields": {"session_data": "Njk4YjQ0NmNmMjM4MDZjNDI1MDMxOTBmMjE3OTc5M2FjMDg1MWFkMzp7Il9hdXRoX3VzZXJfaWQiOiIxIiwiX2F1dGhfdXNlcl9iYWNrZW5kIjoiZGphbmdvLmNvbnRyaWIuYXV0aC5iYWNrZW5kcy5Nb2RlbEJhY2tlbmQiLCJfYXV0aF91c2VyX2hhc2giOiJiNTI4MDk3OGVmNGY4MjMwMGY2ODAzNjJkZjY0ZWY4NzQyNjY3OWVkIn0=", "expire_date": "2018-07-30T05:32:18.526Z"}}, {"model": "sessions.session", "pk": "1kuuohw8m1cfcje88adxy96lrqyzwycq", "fields": {"session_data": "Njk4YjQ0NmNmMjM4MDZjNDI1MDMxOTBmMjE3OTc5M2FjMDg1MWFkMzp7Il9hdXRoX3VzZXJfaWQiOiIxIiwiX2F1dGhfdXNlcl9iYWNrZW5kIjoiZGphbmdvLmNvbnRyaWIuYXV0aC5iYWNrZW5kcy5Nb2RlbEJhY2tlbmQiLCJfYXV0aF91c2VyX2hhc2giOiJiNTI4MDk3OGVmNGY4MjMwMGY2ODAzNjJkZjY0ZWY4NzQyNjY3OWVkIn0=", "expire_date": "2018-07-10T08:39:30.574Z"}}, {"model": "sessions.session", "pk": "1p3j6vj0dc9twyqkwnyiv14egbrafdre", "fields": {"session_data": "Njk4YjQ0NmNmMjM4MDZjNDI1MDMxOTBmMjE3OTc5M2FjMDg1MWFkMzp7Il9hdXRoX3VzZXJfaWQiOiIxIiwiX2F1dGhfdXNlcl9iYWNrZW5kIjoiZGphbmdvLmNvbnRyaWIuYXV0aC5iYWNrZW5kcy5Nb2RlbEJhY2tlbmQiLCJfYXV0aF91c2VyX2hhc2giOiJiNTI4MDk3OGVmNGY4MjMwMGY2ODAzNjJkZjY0ZWY4NzQyNjY3OWVkIn0=", "expire_date": "2018-07-16T07:19:58.532Z"}}, {"model": "sessions.session", "pk": "23zrfsag9mf8uoucx9k6icvptqvp6ipx", "fields": {"session_data": "NDBkMDc3OWZmOTQ4ZmFlYjkwNmE0YTkwNDlkZTU1ZDM3NzkyOGEwYTp7Il9hdXRoX3VzZXJfaWQiOiIxMSIsIl9hdXRoX3VzZXJfYmFja2VuZCI6ImRqYW5nby5jb250cmliLmF1dGguYmFja2VuZHMuTW9kZWxCYWNrZW5kIiwiX2F1dGhfdXNlcl9oYXNoIjoiZTcyZjYwZjIxY2JlZjc3OGQwNDY3NDA3NmUyMjRkNjM4ZTU3MWIwZSJ9", "expire_date": "2018-09-16T11:50:07.156Z"}}, {"model": "sessions.session", "pk": "3gd6u5deuz34xtcaw11ohzqnxm97saiy", "fields": {"session_data": "MmQyOWU0YjZlNGQ2MjkwMTNlNGRmZjViODE4NmZhMmY3N2IzYWU1ODp7Il9hdXRoX3VzZXJfaWQiOiI4IiwiX2F1dGhfdXNlcl9iYWNrZW5kIjoiZGphbmdvLmNvbnRyaWIuYXV0aC5iYWNrZW5kcy5Nb2RlbEJhY2tlbmQiLCJfYXV0aF91c2VyX2hhc2giOiIzMzdkMGM2ZDFiMTk3NWY1MThlZDhhMjUwZDY4MDYyZDc1YzFmYThlIn0=", "expire_date": "2018-07-10T09:23:43.022Z"}}, {"model": "sessions.session", "pk": "4z6q4vmdj0x7b6zwg7dvfmbr5c4s09mu", "fields": {"session_data": "NGQ5MDFhZTNiNDNmMTY2NzVlN2MzNDRmZjY2ZTFkYjE0YzY3MzcyNDp7Il9hdXRoX3VzZXJfaWQiOiIyIiwiX2F1dGhfdXNlcl9iYWNrZW5kIjoiZGphbmdvLmNvbnRyaWIuYXV0aC5iYWNrZW5kcy5Nb2RlbEJhY2tlbmQiLCJfYXV0aF91c2VyX2hhc2giOiJhODZkZWJmNzkxMTE2MjQ1M2ZkNWY2YzMyZWRhOTFiYWU4NmE0YjAzIn0=", "expire_date": "2018-09-26T12:24:45.115Z"}}, {"model": "sessions.session", "pk": "6rj847zmjf4jpzb3lpje9mr684621ts0", "fields": {"session_data": "Njk4YjQ0NmNmMjM4MDZjNDI1MDMxOTBmMjE3OTc5M2FjMDg1MWFkMzp7Il9hdXRoX3VzZXJfaWQiOiIxIiwiX2F1dGhfdXNlcl9iYWNrZW5kIjoiZGphbmdvLmNvbnRyaWIuYXV0aC5iYWNrZW5kcy5Nb2RlbEJhY2tlbmQiLCJfYXV0aF91c2VyX2hhc2giOiJiNTI4MDk3OGVmNGY4MjMwMGY2ODAzNjJkZjY0ZWY4NzQyNjY3OWVkIn0=", "expire_date": "2018-07-06T19:40:57.051Z"}}, {"model": "sessions.session", "pk": "binp9vr0jficu9w5dy8641lsjxhc1ynr", "fields": {"session_data": "ZjVhODQ4ZTg0MDFmMDc2MGE5Yzg5NTRlY2ZlMjhmNDdjOGI5MjM2MTp7Il9hdXRoX3VzZXJfaWQiOiI5IiwiX2F1dGhfdXNlcl9iYWNrZW5kIjoiZGphbmdvLmNvbnRyaWIuYXV0aC5iYWNrZW5kcy5Nb2RlbEJhY2tlbmQiLCJfYXV0aF91c2VyX2hhc2giOiI0YzNjOTllNDQwMTRiN2Y4ZGM1MTExMmMwMjNhZmRhNmJlYzI0MWYxIn0=", "expire_date": "2018-07-11T07:15:49.466Z"}}, {"model": "sessions.session", "pk": "cb7grpd8h0lm1fcf1wqkbdclmhr05y7o", "fields": {"session_data": "Njk4YjQ0NmNmMjM4MDZjNDI1MDMxOTBmMjE3OTc5M2FjMDg1MWFkMzp7Il9hdXRoX3VzZXJfaWQiOiIxIiwiX2F1dGhfdXNlcl9iYWNrZW5kIjoiZGphbmdvLmNvbnRyaWIuYXV0aC5iYWNrZW5kcy5Nb2RlbEJhY2tlbmQiLCJfYXV0aF91c2VyX2hhc2giOiJiNTI4MDk3OGVmNGY4MjMwMGY2ODAzNjJkZjY0ZWY4NzQyNjY3OWVkIn0=", "expire_date": "2018-08-28T00:38:40.258Z"}}, {"model": "sessions.session", "pk": "dw16x9cwebblxw5kd15xx9oqxgy44z32", "fields": {"session_data": "NDBkMDc3OWZmOTQ4ZmFlYjkwNmE0YTkwNDlkZTU1ZDM3NzkyOGEwYTp7Il9hdXRoX3VzZXJfaWQiOiIxMSIsIl9hdXRoX3VzZXJfYmFja2VuZCI6ImRqYW5nby5jb250cmliLmF1dGguYmFja2VuZHMuTW9kZWxCYWNrZW5kIiwiX2F1dGhfdXNlcl9oYXNoIjoiZTcyZjYwZjIxY2JlZjc3OGQwNDY3NDA3NmUyMjRkNjM4ZTU3MWIwZSJ9", "expire_date": "2018-07-15T13:48:16.511Z"}}, {"model": "sessions.session", "pk": "kb2fxx687jt1c623i9nptqqc0mxxqjhx", "fields": {"session_data": "Njk4YjQ0NmNmMjM4MDZjNDI1MDMxOTBmMjE3OTc5M2FjMDg1MWFkMzp7Il9hdXRoX3VzZXJfaWQiOiIxIiwiX2F1dGhfdXNlcl9iYWNrZW5kIjoiZGphbmdvLmNvbnRyaWIuYXV0aC5iYWNrZW5kcy5Nb2RlbEJhY2tlbmQiLCJfYXV0aF91c2VyX2hhc2giOiJiNTI4MDk3OGVmNGY4MjMwMGY2ODAzNjJkZjY0ZWY4NzQyNjY3OWVkIn0=", "expire_date": "2018-08-14T13:20:07.107Z"}}, {"model": "sessions.session", "pk": "qghnp42pz6q8z6enq9fzuapwxc70ap2p", "fields": {"session_data": "ZGJlNGUzOGM3NzFmZWU5N2YxMWIwNzM1YjNkYjQwZDEyMzhkZjgzNjp7Il9hdXRoX3VzZXJfaWQiOiIxMCIsIl9hdXRoX3VzZXJfYmFja2VuZCI6ImRqYW5nby5jb250cmliLmF1dGguYmFja2VuZHMuTW9kZWxCYWNrZW5kIiwiX2F1dGhfdXNlcl9oYXNoIjoiNGMxZDQ5MmEyYzllYmQ1Zjg0MzAxYWMxOWQ4ZDRjYjQzYTcwMWZiMiJ9", "expire_date": "2018-07-11T07:33:13.122Z"}}, {"model": "sessions.session", "pk": "qlw715wfu5x6m2qzzo5nd2xfrgrlzlj3", "fields": {"session_data": "ZGEyMzBmY2JkMGY3ZTNkY2ViNWE2NjZhYzBkZDBiNjNkZGI1M2ExZjp7Il9hdXRoX3VzZXJfaWQiOiIzIiwiX2F1dGhfdXNlcl9iYWNrZW5kIjoiZGphbmdvLmNvbnRyaWIuYXV0aC5iYWNrZW5kcy5Nb2RlbEJhY2tlbmQiLCJfYXV0aF91c2VyX2hhc2giOiI0ZDI1ZjMzOWYxNWZhZjhkZmFhZWEzNjJhOTBlNGZlYWQ0MjljN2ZiIn0=", "expire_date": "2018-07-06T07:32:27.561Z"}}, {"model": "sessions.session", "pk": "t36vul2d0ubc18rt9ovjk3h8obq9fkpb", "fields": {"session_data": "Njk4YjQ0NmNmMjM4MDZjNDI1MDMxOTBmMjE3OTc5M2FjMDg1MWFkMzp7Il9hdXRoX3VzZXJfaWQiOiIxIiwiX2F1dGhfdXNlcl9iYWNrZW5kIjoiZGphbmdvLmNvbnRyaWIuYXV0aC5iYWNrZW5kcy5Nb2RlbEJhY2tlbmQiLCJfYXV0aF91c2VyX2hhc2giOiJiNTI4MDk3OGVmNGY4MjMwMGY2ODAzNjJkZjY0ZWY4NzQyNjY3OWVkIn0=", "expire_date": "2018-07-13T01:38:05.772Z"}}, {"model": "sessions.session", "pk": "vrqfudln4rgc04sxdih58b6ekq0bzlff", "fields": {"session_data": "OGE4MGFjYjA3NmVmNzQyNmYxODY2ZmY0YjkwZGYwYTAxYjhjMGY1Yjp7Il9hdXRoX3VzZXJfaWQiOiI2IiwiX2F1dGhfdXNlcl9iYWNrZW5kIjoiZGphbmdvLmNvbnRyaWIuYXV0aC5iYWNrZW5kcy5Nb2RlbEJhY2tlbmQiLCJfYXV0aF91c2VyX2hhc2giOiIwZDQ1ZTU0YjNmOTA5NWJlOWU1NzFmOTViZGI2Njk3ODFmMjM5ZWU3In0=", "expire_date": "2018-07-09T13:14:56.696Z"}}, {"model": "sessions.session", "pk": "xc2rxdfrleqag4gglmdvi2qk1carewnq", "fields": {"session_data": "ZGEyMzBmY2JkMGY3ZTNkY2ViNWE2NjZhYzBkZDBiNjNkZGI1M2ExZjp7Il9hdXRoX3VzZXJfaWQiOiIzIiwiX2F1dGhfdXNlcl9iYWNrZW5kIjoiZGphbmdvLmNvbnRyaWIuYXV0aC5iYWNrZW5kcy5Nb2RlbEJhY2tlbmQiLCJfYXV0aF91c2VyX2hhc2giOiI0ZDI1ZjMzOWYxNWZhZjhkZmFhZWEzNjJhOTBlNGZlYWQ0MjljN2ZiIn0=", "expire_date": "2018-07-06T06:59:12.305Z"}}, {"model": "sessions.session", "pk": "ztim8nluphkznindp1qkqqg0e21uzid6", "fields": {"session_data": "YzI3NTk1N2FkZmFkNGI2MDJiOGZmMTQ4NWEwNDEzOTEwZTY1OWZmMDp7Il9hdXRoX3VzZXJfaWQiOiI3IiwiX2F1dGhfdXNlcl9iYWNrZW5kIjoiZGphbmdvLmNvbnRyaWIuYXV0aC5iYWNrZW5kcy5Nb2RlbEJhY2tlbmQiLCJfYXV0aF91c2VyX2hhc2giOiJhYWU2NjMzMTUyZGNlZDU0MTM2NWQwMzMwYzgxYzllMWFkNDYwN2JlIn0=", "expire_date": "2018-07-09T13:28:59.553Z"}}, {"model": "sites.site", "pk": 1, "fields": {"domain": "example.com", "name": "example.com"}}, {"model": "auth.permission", "pk": 1, "fields": {"name": "Can add log entry", "content_type": 1, "codename": "add_logentry"}}, {"model": "auth.permission", "pk": 2, "fields": {"name": "Can change log entry", "content_type": 1, "codename": "change_logentry"}}, {"model": "auth.permission", "pk": 3, "fields": {"name": "Can delete log entry", "content_type": 1, "codename": "delete_logentry"}}, {"model": "auth.permission", "pk": 4, "fields": {"name": "Can add permission", "content_type": 2, "codename": "add_permission"}}, {"model": "auth.permission", "pk": 5, "fields": {"name": "Can change permission", "content_type": 2, "codename": "change_permission"}}, {"model": "auth.permission", "pk": 6, "fields": {"name": "Can delete permission", "content_type": 2, "codename": "delete_permission"}}, {"model": "auth.permission", "pk": 7, "fields": {"name": "Can add group", "content_type": 3, "codename": "add_group"}}, {"model": "auth.permission", "pk": 8, "fields": {"name": "Can change group", "content_type": 3, "codename": "change_group"}}, {"model": "auth.permission", "pk": 9, "fields": {"name": "Can delete group", "content_type": 3, "codename": "delete_group"}}, {"model": "auth.permission", "pk": 10, "fields": {"name": "Can add user", "content_type": 4, "codename": "add_user"}}, {"model": "auth.permission", "pk": 11, "fields": {"name": "Can change user", "content_type": 4, "codename": "change_user"}}, {"model": "auth.permission", "pk": 12, "fields": {"name": "Can delete user", "content_type": 4, "codename": "delete_user"}}, {"model": "auth.permission", "pk": 13, "fields": {"name": "Can add content type", "content_type": 5, "codename": "add_contenttype"}}, {"model": "auth.permission", "pk": 14, "fields": {"name": "Can change content type", "content_type": 5, "codename": "change_contenttype"}}, {"model": "auth.permission", "pk": 15, "fields": {"name": "Can delete content type", "content_type": 5, "codename": "delete_contenttype"}}, {"model": "auth.permission", "pk": 16, "fields": {"name": "Can add session", "content_type": 6, "codename": "add_session"}}, {"model": "auth.permission", "pk": 17, "fields": {"name": "Can change session", "content_type": 6, "codename": "change_session"}}, {"model": "auth.permission", "pk": 18, "fields": {"name": "Can delete session", "content_type": 6, "codename": "delete_session"}}, {"model": "auth.permission", "pk": 19, "fields": {"name": "Can add site", "content_type": 7, "codename": "add_site"}}, {"model": "auth.permission", "pk": 20, "fields": {"name": "Can change site", "content_type": 7, "codename": "change_site"}}, {"model": "auth.permission", "pk": 21, "fields": {"name": "Can delete site", "content_type": 7, "codename": "delete_site"}}, {"model": "auth.permission", "pk": 22, "fields": {"name": "Can add file resource model", "content_type": 8, "codename": "add_fileresourcemodel"}}, {"model": "auth.permission", "pk": 23, "fields": {"name": "Can change file resource model", "content_type": 8, "codename": "change_fileresourcemodel"}}, {"model": "auth.permission", "pk": 24, "fields": {"name": "Can delete file resource model", "content_type": 8, "codename": "delete_fileresourcemodel"}}, {"model": "auth.permission", "pk": 25, "fields": {"name": "Can add image resource model", "content_type": 9, "codename": "add_imageresourcemodel"}}, {"model": "auth.permission", "pk": 26, "fields": {"name": "Can change image resource model", "content_type": 9, "codename": "change_imageresourcemodel"}}, {"model": "auth.permission", "pk": 27, "fields": {"name": "Can delete image resource model", "content_type": 9, "codename": "delete_imageresourcemodel"}}, {"model": "auth.permission", "pk": 28, "fields": {"name": "Can add community post model", "content_type": 10, "codename": "add_communitypostmodel"}}, {"model": "auth.permission", "pk": 29, "fields": {"name": "Can change community post model", "content_type": 10, "codename": "change_communitypostmodel"}}, {"model": "auth.permission", "pk": 30, "fields": {"name": "Can delete community post model", "content_type": 10, "codename": "delete_communitypostmodel"}}, {"model": "auth.permission", "pk": 31, "fields": {"name": "Can add notice post model", "content_type": 11, "codename": "add_noticepostmodel"}}, {"model": "auth.permission", "pk": 32, "fields": {"name": "Can change notice post model", "content_type": 11, "codename": "change_noticepostmodel"}}, {"model": "auth.permission", "pk": 33, "fields": {"name": "Can delete notice post model", "content_type": 11, "codename": "delete_noticepostmodel"}}, {"model": "auth.permission", "pk": 34, "fields": {"name": "Can add student council model", "content_type": 12, "codename": "add_studentcouncilmodel"}}, {"model": "auth.permission", "pk": 35, "fields": {"name": "Can change student council model", "content_type": 12, "codename": "change_studentcouncilmodel"}}, {"model": "auth.permission", "pk": 36, "fields": {"name": "Can delete student council model", "content_type": 12, "codename": "delete_studentcouncilmodel"}}, {"model": "auth.permission", "pk": 37, "fields": {"name": "Can add study club model", "content_type": 13, "codename": "add_studyclubmodel"}}, {"model": "auth.permission", "pk": 38, "fields": {"name": "Can change study club model", "content_type": 13, "codename": "change_studyclubmodel"}}, {"model": "auth.permission", "pk": 39, "fields": {"name": "Can delete study club model", "content_type": 13, "codename": "delete_studyclubmodel"}}, {"model": "auth.permission", "pk": 40, "fields": {"name": "Can add report", "content_type": 14, "codename": "add_report"}}, {"model": "auth.permission", "pk": 41, "fields": {"name": "Can change report", "content_type": 14, "codename": "change_report"}}, {"model": "auth.permission", "pk": 42, "fields": {"name": "Can delete report", "content_type": 14, "codename": "delete_report"}}, {"model": "auth.permission", "pk": 43, "fields": {"name": "Can add report file", "content_type": 15, "codename": "add_reportfile"}}, {"model": "auth.permission", "pk": 44, "fields": {"name": "Can change report file", "content_type": 15, "codename": "change_reportfile"}}, {"model": "auth.permission", "pk": 45, "fields": {"name": "Can delete report file", "content_type": 15, "codename": "delete_reportfile"}}, {"model": "auth.permission", "pk": 46, "fields": {"name": "Can add email verification", "content_type": 16, "codename": "add_emailverification"}}, {"model": "auth.permission", "pk": 47, "fields": {"name": "Can change email verification", "content_type": 16, "codename": "change_emailverification"}}, {"model": "auth.permission", "pk": 48, "fields": {"name": "Can delete email verification", "content_type": 16, "codename": "delete_emailverification"}}, {"model": "auth.permission", "pk": 49, "fields": {"name": "Can add profile", "content_type": 17, "codename": "add_profile"}}, {"model": "auth.permission", "pk": 50, "fields": {"name": "Can change profile", "content_type": 17, "codename": "change_profile"}}, {"model": "auth.permission", "pk": 51, "fields": {"name": "Can delete profile", "content_type": 17, "codename": "delete_profile"}}, {"model": "auth.permission", "pk": 52, "fields": {"name": "Can add password change request", "content_type": 18, "codename": "add_passwordchangerequest"}}, {"model": "auth.permission", "pk": 53, "fields": {"name": "Can change password change request", "content_type": 18, "codename": "change_passwordchangerequest"}}, {"model": "auth.permission", "pk": 54, "fields": {"name": "Can delete password change request", "content_type": 18, "codename": "delete_passwordchangerequest"}}, {"model": "auth.user", "pk": 1, "fields": {"password": "pbkdf2_sha256$36000$3C8F9qYrGaMM$kByWYAEQtcumYLIEsmit7cfLxG4mKaf35YfGg6Gh+Dw=", "last_login": "2018-09-12T12:24:32.455Z", "is_superuser": true, "username": "ajou.arxiv", "first_name": "", "last_name": "", "email": "ajou.arxiv@gmail.com", "is_staff": true, "is_active": true, "date_joined": "2018-06-22T05:29:43.707Z", "groups": [], "user_permissions": []}}, {"model": "auth.user", "pk": 2, "fields": {"password": "pbkdf2_sha256$36000$dwah73n514Da$8mlxwYhD255N4L3byq3BEQKAcxav7O3M3AaojvtFyuI=", "last_login": "2018-09-12T12:24:45.112Z", "is_superuser": true, "username": "waps12b", "first_name": "dongyi", "last_name": "kim", "email": "waps12b@ajou.ac.kr", "is_staff": true, "is_active": true, "date_joined": "2018-06-22T05:30:35Z", "groups": [], "user_permissions": []}}, {"model": "auth.user", "pk": 3, "fields": {"password": "pbkdf2_sha256$36000$G8U2LlCpxGR5$nv/0sm7gwDkaJ0DvINd6yckbIkVBVWPcVkjgQBTvtvI=", "last_login": "2018-06-22T07:32:27.559Z", "is_superuser": false, "username": "godaa2", "first_name": "", "last_name": "", "email": "godaa2@ajou.ac.kr", "is_staff": false, "is_active": true, "date_joined": "2018-06-22T06:58:58.919Z", "groups": [], "user_permissions": []}}, {"model": "auth.user", "pk": 4, "fields": {"password": "pbkdf2_sha256$36000$cZwnqPe3m4zX$t7+h2z2vEdLlYQPqY8H9KY1H/Iuzf30x2Ev4y0OQWwE=", "last_login": "2018-12-01T07:12:13.624Z", "is_superuser": false, "username": "wjdckdwo1313", "first_name": "", "last_name": "", "email": "wjdckdwo1313@ajou.ac.kr", "is_staff": true, "is_active": true, "date_joined": "2018-06-22T08:24:04Z", "groups": [], "user_permissions": []}}, {"model": "auth.user", "pk": 5, "fields": {"password": "pbkdf2_sha256$36000$XuQ8JV4eZ4lX$+04hLFBdNhPZPaGvBGY49l0BUzgP6jTAZmBGHAeAbvw=", "last_login": "2018-06-27T05:26:25.872Z", "is_superuser": false, "username": "test@codingmonster.net", "first_name": "dongyi", "last_name": "kim", "email": "test@codingmonster.net", "is_staff": false, "is_active": true, "date_joined": "2018-06-24T20:19:48Z", "groups": [], "user_permissions": []}}, {"model": "auth.user", "pk": 6, "fields": {"password": "pbkdf2_sha256$36000$5RmaxR0mVFag$DVbob4gNE9D3B1m5EdeGK2DHAtYhNtuHFpZSc3Fud+g=", "last_login": "2018-06-25T13:14:56.693Z", "is_superuser": false, "username": "ingab", "first_name": "", "last_name": "", "email": "ingab@ajou.ac.kr", "is_staff": false, "is_active": true, "date_joined": "2018-06-25T13:13:59.024Z", "groups": [], "user_permissions": []}}, {"model": "auth.user", "pk": 7, "fields": {"password": "pbkdf2_sha256$36000$aB3tSGnYP8pd$2ypSGYNs9N+F23ttmequvUCPdkRf0k+9+RgLWCauB3M=", "last_login": "2018-06-25T13:28:59.551Z", "is_superuser": false, "username": "gasspoR", "first_name": "", "last_name": "", "email": "gasspoR@ajou.ac.kr", "is_staff": false, "is_active": true, "date_joined": "2018-06-25T13:27:50.286Z", "groups": [], "user_permissions": []}}, {"model": "auth.user", "pk": 8, "fields": {"password": "pbkdf2_sha256$36000$Lf77mtxXlFgJ$RurSerHgnCL2H0jBNTYYZOyzEz6y8Pb6wHt1C9V6kRU=", "last_login": "2018-06-26T09:23:43.019Z", "is_superuser": false, "username": "daeseong1227", "first_name": "", "last_name": "", "email": "daeseong1227@ajou.ac.kr", "is_staff": false, "is_active": true, "date_joined": "2018-06-26T09:23:21.668Z", "groups": [], "user_permissions": []}}, {"model": "auth.user", "pk": 9, "fields": {"password": "pbkdf2_sha256$36000$IDVAbeyrLdWG$LAuVRBKvVgrRfYEwF7GyfToE07Ie3LfpCLSPp7gYuWQ=", "last_login": "2018-07-16T05:25:48.969Z", "is_superuser": false, "username": "tbk", "first_name": "", "last_name": "", "email": "tbk@ajou.ac.kr", "is_staff": true, "is_active": true, "date_joined": "2018-06-27T07:15:34Z", "groups": [], "user_permissions": []}}, {"model": "auth.user", "pk": 10, "fields": {"password": "pbkdf2_sha256$36000$Z8AjYHPBzmhB$i1uTMRQPdD4dOeN4sEGUjhbHUMvErjQQwANIisP8fLk=", "last_login": "2018-07-04T00:34:20.931Z", "is_superuser": false, "username": "yanayeon", "first_name": "\ud604\uc815", "last_name": "\uc5f0", "email": "yanayeon@ajou.ac.kr", "is_staff": true, "is_active": true, "date_joined": "2018-06-27T07:20:19Z", "groups": [], "user_permissions": []}}, {"model": "auth.user", "pk": 11, "fields": {"password": "pbkdf2_sha256$36000$TjmZ1fKlrD9D$bvTBDoqtulOGoHInXx3H0Ep3rwVkTbzPBP0vnusXUQk=", "last_login": "2018-09-02T11:50:07.154Z", "is_superuser": false, "username": "anjitang", "first_name": "", "last_name": "", "email": "anjitang@ajou.ac.kr", "is_staff": false, "is_active": true, "date_joined": "2018-07-01T13:48:09.085Z", "groups": [], "user_permissions": []}}, {"model": "webserver.fileresourcemodel", "pk": 1, "fields": {"user": 2, "file": "files/waps12b/\uacbd\uc81c\ud559\uacfc_2018-\ud558\uacc4_\uc778\ud134\uc2ed_KDI_\ud604\uc7a5\uc2e4\uc2b5\uc0dd_\ubaa8\uc9d1_\uc548\ub0b4\ud559\uc0dd\uacf5\uace0\uc6a9.pdf"}}, {"model": "webserver.imageresourcemodel", "pk": 1, "fields": {"user": 2, "image": "files/waps12b/image.png"}}, {"model": "webserver.imageresourcemodel", "pk": 2, "fields": {"user": 10, "image": "files/yanayeon/\uacbd\uc81c\ud604\uc548\uc138\ubbf8\ub098_\uc218\uac15\uc2e0\uccad_\uc548\ub0b4.JPG"}}, {"model": "community.noticepostmodel", "pk": 1, "fields": {"user": 2, "is_visible": false, "created_date": "2018-06-29T01:32:50.392Z", "updated_date": "2018-06-29T01:37:56.930Z", "post_title": "2018 \ud558\uacc4 \uc778\ud134\uc2ed KDI \ud604\uc7a5\uc2e4\uc2b5\uc0dd \ubaa8\uc9d1", "post_content": "<p><img height=\"1279\" src=\"/media/files/waps12b/image.png\" width=\"791\" /></p>\r\n\r\n<p>&nbsp;</p>\r\n\r\n<p>\ucca8\ubd80\ud30c\uc77c :&nbsp;<a href=\"/media/files/waps12b/%EA%B2%BD%EC%A0%9C%ED%95%99%EA%B3%BC_2018-%ED%95%98%EA%B3%84_%EC%9D%B8%ED%84%B4%EC%8B%AD_KDI_%ED%98%84%EC%9E%A5%EC%8B%A4%EC%8A%B5%EC%83%9D_%EB%AA%A8%EC%A7%91_%EC%95%88%EB%82%B4%ED%95%99%EC%83%9D%EA%B3%B5%EA%B3%A0%EC%9A%A9.pdf\" target=\"_blank\">\uacbd\uc81c\ud559\uacfc 2018-\ud558\uacc4 \uc778\ud134\uc2ed KDI \ud604\uc7a5\uc2e4\uc2b5\uc0dd \ubaa8\uc9d1 \uc548\ub0b4(\ud559\uc0dd\uacf5\uace0\uc6a9).pdf</a></p>"}}, {"model": "community.noticepostmodel", "pk": 2, "fields": {"user": 1, "is_visible": true, "created_date": "2018-06-29T01:38:22.673Z", "updated_date": "2018-06-29T01:43:11.891Z", "post_title": "2018 \ud558\uacc4 \uc778\ud134\uc2ed KDI \ud604\uc7a5\uc2e4\uc2b5\uc0dd \ubaa8\uc9d1", "post_content": "<p><strong>\ucca8\ubd80\ud30c\uc77c :&nbsp;</strong><a href=\"/media/files/waps12b/%EA%B2%BD%EC%A0%9C%ED%95%99%EA%B3%BC_2018-%ED%95%98%EA%B3%84_%EC%9D%B8%ED%84%B4%EC%8B%AD_KDI_%ED%98%84%EC%9E%A5%EC%8B%A4%EC%8A%B5%EC%83%9D_%EB%AA%A8%EC%A7%91_%EC%95%88%EB%82%B4%ED%95%99%EC%83%9D%EA%B3%B5%EA%B3%A0%EC%9A%A9.pdf\" target=\"_blank\">\uacbd\uc81c\ud559\uacfc 2018-\ud558\uacc4 \uc778\ud134\uc2ed KDI \ud604\uc7a5\uc2e4\uc2b5\uc0dd \ubaa8\uc9d1 \uc548\ub0b4(\ud559\uc0dd\uacf5\uace0\uc6a9).pdf</a><br />\r\n&nbsp;</p>\r\n\r\n<p><img height=\"1279\" src=\"/media/files/waps12b/image.png\" width=\"791\" /></p>"}}, {"model": "community.noticepostmodel", "pk": 3, "fields": {"user": 10, "is_visible": true, "created_date": "2018-07-04T00:24:17.833Z", "updated_date": "2018-07-04T00:51:19.133Z", "post_title": "2018-2 \uacbd\uc81c \ud604\uc548 \uc138\ubbf8\ub098\u2160 \uc218\uac15\uc2e0\uccad \uc548\ub0b4", "post_content": "<p><a href=\"http://coss.ajou.ac.kr/_custom/ajou/_common/board/download.jsp?attach_no=103806\" target=\"_blank\">2018\ud559\ub144\ub3c4 2\ud559\uae30 \uacbd\uc81c \ud604\uc548 \uc138\ubbf8\ub098\u2160 \uc218\uac15 \uc2e0\uccad\uc11c</a></p>\r\n\r\n<p>\uc0ac\ud68c\uacfc\ud559\ub300\ud559 \uacbd\uc81c\ud559\uacfc\uc5d0\uc11c\ub294 2018\ud559\ub144\ub3c4 2\ud559\uae30 \uc544\ub798\uc758 \uacfc\ubaa9\uc5d0 \ub300\ud574</p>\r\n\r\n<p>\ubcc4\ub3c4\ub85c \uc218\uac15\uc2e0\uccad\uc744 \uc811\uc218\ubc1b\uace0\uc790 \ud558\uc624\ub2c8 \uacfc\ubaa9 \uc218\uac15\uc744 \ud76c\ub9dd\ud558\ub294 \ud559\uc0dd\uc740</p>\r\n\r\n<p>\ucca8\ubd80\ud30c\uc77c\uc758 \uc218\uac15\uc2e0\uccad\uc11c\ub97c \uc791\uc131\ud558\uc2dc\uc5b4 \uc544\ub798\uc758 \uc808\ucc28\ub97c \ub530\ub77c \uc2e0\uccad\ud558\uc2dc\uae30 \ubc14\ub78d\ub2c8\ub2e4.</p>\r\n\r\n<p>&nbsp;</p>\r\n\r\n<p>1. \uacfc\ubaa9\uc815\ubcf4</p>\r\n\r\n<table>\r\n\t<tbody>\r\n\t\t<tr>\r\n\t\t\t<td>\r\n\t\t\t<p>\uacfc\ubaa9\uba85</p>\r\n\t\t\t</td>\r\n\t\t\t<td>\r\n\t\t\t<p>\ub2f4\ub2f9\uad50\uc6d0</p>\r\n\t\t\t</td>\r\n\t\t\t<td>\r\n\t\t\t<p>\uac15\uc758\uc2dc\uac04</p>\r\n\t\t\t</td>\r\n\t\t\t<td>\r\n\t\t\t<p>\ube44\uace0</p>\r\n\t\t\t</td>\r\n\t\t</tr>\r\n\t\t<tr>\r\n\t\t\t<td>\r\n\t\t\t<p>\uacbd\uc81c \ud604\uc548 \uc138\ubbf8\ub098\u2160</p>\r\n\t\t\t</td>\r\n\t\t\t<td>\r\n\t\t\t<p>\ubc15\uc601\uc900,&nbsp;\uae40\ud0dc\ubd09</p>\r\n\t\t\t</td>\r\n\t\t\t<td>\r\n\t\t\t<p>\uae087~9(15:00~17:50)</p>\r\n\t\t\t</td>\r\n\t\t\t<td>\r\n\t\t\t<p>\uc724\uac15</p>\r\n\t\t\t</td>\r\n\t\t</tr>\r\n\t</tbody>\r\n</table>\r\n\r\n<p>&nbsp;</p>\r\n\r\n<p>2. \uc2e0\uccad\uc808\ucc28</p>\r\n\r\n<table>\r\n\t<tbody>\r\n\t\t<tr>\r\n\t\t\t<td>\r\n\t\t\t<p>\uc218\uac15\uc2e0\uccad\uc11c \uc791\uc131</p>\r\n\t\t\t</td>\r\n\t\t\t<td>\r\n\t\t\t<p>\u25b7</p>\r\n\t\t\t</td>\r\n\t\t\t<td>\r\n\t\t\t<p>\ub2f4\ub2f9\uad50\uc218\uaed8</p>\r\n\r\n\t\t\t<p>\uc218\uac15 \uad00\ub828</p>\r\n\r\n\t\t\t<p>\uba74\ub2f4 \uc2e0\uccad</p>\r\n\t\t\t</td>\r\n\t\t\t<td>\r\n\t\t\t<p>\u25b7</p>\r\n\t\t\t</td>\r\n\t\t\t<td>\r\n\t\t\t<p><strong>~8/9(\ubaa9) 15\uc2dc</strong></p>\r\n\r\n\t\t\t<p><strong>\uc218\uac15\uc2e0\uccad\uc11c \uc81c\ucd9c</strong></p>\r\n\t\t\t</td>\r\n\t\t\t<td>\r\n\t\t\t<p>\u25b7</p>\r\n\t\t\t</td>\r\n\t\t\t<td>\r\n\t\t\t<p><strong>8/10(\uae08)</strong></p>\r\n\r\n\t\t\t<p><strong>\uad50\ud559\ud300 \uc218\uac15\uc785\ub825</strong></p>\r\n\r\n\t\t\t<p><strong>*\uc2b9\uc778\uc790\uc5d0 \ud55c\ud568</strong></p>\r\n\t\t\t</td>\r\n\t\t</tr>\r\n\t</tbody>\r\n</table>\r\n\r\n<p>-&nbsp;\uba74\ub2f4\uad50\uc218\uc758 \uc11c\uba85\uc774 \uc5c6\uc744 \uacbd\uc6b0&nbsp;&lsquo;\ubbf8\uc2b9\uc778&rsquo;\uc73c\ub85c \ud310\ub2e8</p>\r\n\r\n<p>-&nbsp;\uc81c\ucd9c\ucc98: \uc0ac\ud68c\uacfc\ud559\ub300\ud559\uad50\ud559\ud300(\uc728\uace1\uad00&nbsp;307\ud638)&nbsp;\uc870\uad50 \uc5f0\ud604\uc815&nbsp;</p>\r\n\r\n<p>&nbsp;</p>\r\n\r\n<p>3. \uad00\ub828\ubb38\uc758</p>\r\n\r\n<p>&nbsp; - \uba74\ub2f4\uc2e0\uccad: \uacbd\uc81c\ud559\uacfc \ubc15\uc601\uc900 \uad50\uc218(\u260f 031-219-3537, yjpark@ajou.ac.kr)</p>\r\n\r\n<p>&nbsp; &nbsp; &nbsp; &nbsp; &nbsp; &nbsp; &nbsp; &nbsp; &nbsp;\uacbd\uc81c\ud559\uacfc \uae40\ud0dc\ubd09 \uad50\uc218(\u260f 031-219-2738, tbk@ajou.ac.kr)</p>\r\n\r\n<p>&nbsp; - \uc218\uac15\uc785\ub825: \uc0ac\ud68c\uacfc\ud559\ub300\ud559\uad50\ud559\ud300 \uc870\uad50 \uc5f0\ud604\uc815(\u260f 031-219-2732, yanayeon@ajou.ac.kr)</p>"}}, {"model": "reports.report", "pk": 1, "fields": {"user": 3, "is_public": false, "is_accessible": false, "authors": "\uc774\ub984\uc5c6\uc74c", "title": "New Report 2018.06.22 15.59.21", "abstract": "", "abstract_eng": "", "created_date": "2018-06-22T06:59:21.442Z", "updated_date": "2018-06-22T06:59:21.442Z"}}, {"model": "reports.report", "pk": 2, "fields": {"user": 3, "is_public": false, "is_accessible": false, "authors": "\uc774\ub984\uc5c6\uc74c", "title": "New Report 2018.06.22 16.31.35", "abstract": "", "abstract_eng": "", "created_date": "2018-06-22T07:31:35.861Z", "updated_date": "2018-06-22T07:31:35.861Z"}}, {"model": "reports.report", "pk": 3, "fields": {"user": 1, "is_public": false, "is_accessible": false, "authors": "\uad00\ub9ac\uc790", "title": "1231223112312312323", "abstract": "gdffgdf12312312121231231123123123231", "abstract_eng": "dfgdgf1231231231212123123123123213", "created_date": "2018-06-22T19:32:37.524Z", "updated_date": "2018-07-02T07:21:15.376Z"}}, {"model": "reports.report", "pk": 4, "fields": {"user": 2, "is_public": false, "is_accessible": false, "authors": "\uae40\ub3d9\uc774", "title": "New Report 2018.06.25 01.19.52", "abstract": "123312123112312312332112312312331123123223", "abstract_eng": "123123123123123132123123123123123123123123", "created_date": "2018-06-24T16:19:52.023Z", "updated_date": "2018-06-24T20:12:20.985Z"}}, {"model": "reports.report", "pk": 5, "fields": {"user": 2, "is_public": false, "is_accessible": false, "authors": "\uae40\ub3d9\uc774", "title": "New Report 2018.06.25 05.12.26", "abstract": "123123123", "abstract_eng": "123123123123123", "created_date": "2018-06-24T20:12:26.671Z", "updated_date": "2018-06-24T20:12:42.317Z"}}, {"model": "reports.report", "pk": 6, "fields": {"user": 5, "is_public": false, "is_accessible": false, "authors": "\ud14c\uc2a4\ud2b8\uc6a9 \ubcf4\uace0\uc11c\uc785\ub2c8\ub2e4", "title": "Ne333", "abstract": "\u314e\u3147\u314e\u3147\u314e\u31475343453543543", "abstract_eng": "\u314e\u3147\u314e\u3147\u314e\u3147354534534534534", "created_date": "2018-06-24T20:20:44.670Z", "updated_date": "2018-06-24T20:21:23.684Z"}}, {"model": "reports.report", "pk": 7, "fields": {"user": 2, "is_public": false, "is_accessible": false, "authors": "\uae40\ub3d9\uc774", "title": "New Report 2018.06.25 05.23.17", "abstract": "t34435435", "abstract_eng": "", "created_date": "2018-06-24T20:23:17.371Z", "updated_date": "2018-06-24T20:23:41.433Z"}}, {"model": "reports.report", "pk": 8, "fields": {"user": 6, "is_public": false, "is_accessible": false, "authors": "\uc774\ub984\uc5c6\uc74c", "title": "New Report 2018.06.25 22.15.39", "abstract": "", "abstract_eng": "", "created_date": "2018-06-25T13:15:39.344Z", "updated_date": "2018-06-25T13:15:39.344Z"}}, {"model": "reports.report", "pk": 9, "fields": {"user": 6, "is_public": false, "is_accessible": false, "authors": "\uc774\ub984\uc5c6\uc74c", "title": "New Report 2018.06.25 22.15.50", "abstract": "", "abstract_eng": "", "created_date": "2018-06-25T13:15:50.295Z", "updated_date": "2018-06-25T13:15:50.295Z"}}, {"model": "reports.report", "pk": 10, "fields": {"user": 7, "is_public": false, "is_accessible": false, "authors": "\uc774\ub984\uc5c6\uc74c", "title": "New Report 2018.06.25 22.29.11", "abstract": "", "abstract_eng": "", "created_date": "2018-06-25T13:29:11.450Z", "updated_date": "2018-06-25T13:29:11.450Z"}}, {"model": "reports.report", "pk": 11, "fields": {"user": 5, "is_public": false, "is_accessible": false, "authors": "\ud14c\uc2a4\ud130", "title": "New Report 2018.06.27 14.09.37", "abstract": "123123123", "abstract_eng": "1231233", "created_date": "2018-06-27T05:09:37.992Z", "updated_date": "2018-06-27T05:11:23.382Z"}}, {"model": "reports.report", "pk": 12, "fields": {"user": 5, "is_public": false, "is_accessible": false, "authors": "\ud14c\uc2a4\ud13056456", "title": "New Report 2018.06.27 14.11.44123213", "abstract": "qewrwer2112123", "abstract_eng": "1312321323133231231231123wer", "created_date": "2018-06-27T05:11:44.253Z", "updated_date": "2018-06-27T05:26:18.557Z"}}, {"model": "reports.report", "pk": 13, "fields": {"user": 5, "is_public": false, "is_accessible": false, "authors": "\ud14c\uc2a4\ud130", "title": "New Report 2018.06.27 14.26.28", "abstract": "12123321", "abstract_eng": "23132123123321", "created_date": "2018-06-27T05:26:28.913Z", "updated_date": "2018-06-27T05:26:33.155Z"}}, {"model": "reports.report", "pk": 14, "fields": {"user": 10, "is_public": false, "is_accessible": false, "authors": "\uc5f0\ud604\uc815", "title": "New Report 2018.06.27 16.37.54", "abstract": "", "abstract_eng": "", "created_date": "2018-06-27T07:37:54.642Z", "updated_date": "2018-06-27T07:37:54.642Z"}}, {"model": "reports.report", "pk": 15, "fields": {"user": 11, "is_public": false, "is_accessible": false, "authors": "\uc548\uc9c0\ud6c8", "title": "New Report 2018.07.01 22.48.29", "abstract": "", "abstract_eng": "", "created_date": "2018-07-01T13:48:29.903Z", "updated_date": "2018-07-01T13:48:29.903Z"}}, {"model": "reports.report", "pk": 16, "fields": {"user": 9, "is_public": true, "is_accessible": false, "authors": "\uc7a5\uc900\uc601, \uc5b4\uc724\uc6a9, \uc624\uc778\uac11, \ubbfc\uc885\ucc2c", "title": "\ud55c\uad6d \ucd5c\uc800\uc784\uae08 \uc815\ucc45\uc5d0 \uad00\ud55c \ub17c\uc758 : \uc18c\ub4dd\uc8fc\ub3c4 \uc131\uc7a5\ub860\uc744 \uc911\uc2ec\uc73c\ub85c", "abstract": "\ubcf8 \uc5f0\uad6c\ub294 \uc6b0\ub9ac\ub098\ub77c \ucd5c\uc800\uc784\uae08\uc81c\ub3c4\uc758 \uc720\ud6a8\uc131\uc744 \ub2e4\ub8e8\ub294 \uc2dc\ub3c4\uc774\ub2e4. \uc774\ub97c \uc704\ud574 \uc6b0\uc120 \ucd5c\uc800\uc784\uae08\uc5d0 \ub300\ud574 \ub2e4\ub8ec \uc5ec\ub7ec \ubb38\ud5cc\ub4e4\uc744 \uc870\uc0ac\ud588\uc73c\uba70, \ubcf8 \uc870\ub9cc\uc758 \uacb0\ub860\uc744 \ub0b4\ubcf4\uc774\uae30 \uc704\ud574 \ub2e4\uc911\ud68c\uadc0\ubd84\uc11d\uc744 \uc9c4\ud589\ud558\uc600\ub2e4. \uc0b0\uc5c5\ubcc4\ub85c \uace0\uc6a9\uc99d\uac00\uc728\uacfc \ucd5c\uc800\uc784\uae08\uc9c0\uc218(\ud3c9\uade0\uc784\uae08 \ub300\ube44 \ucd5c\uc800\uc784\uae08)\uc5d0 \ub300\ud55c \ubca0\ud0c0\uac12\uc744 \uad6c\ud558\uc5ec \uadf8 \uc758\ubbf8\ub97c \ud574\uc11d\ud588\ub2e4. \ud1b5\uacc4\uccad\uc5d0\uc11c 2010\ub144\ubd80\ud130 2017\ub144\uae4c\uc9c0\uc758 \uc0b0\uc5c5\ubcc4 \uc784\uae08 \ubc0f \uace0\uc6a9 \uc790\ub8cc\ub97c \ubc14\ud0d5\uc73c\ub85c \uc870\uc0ac\ud588\uc73c\uba70, \uc81c\uc870\uc5c5\uc5d0\uc11c\ub294 \ucd5c\uc800\uc784\uae08\uc758 \uae0d\uc815\uc801\uc778 \ud6a8\uacfc\uac00 \ub098\ud0c0\ub098\uace0, \uc74c\uc2dd \ubc0f \uc219\ubc15\uc5c5\uc5d0\uc11c\ub294 \ub2e4\uc18c \ubd80\uc815\uc801\uc778 \ud6a8\uacfc\uac00 \uc788\ub294 \uac83\uc73c\ub85c \ub098\ud0c0\ub0ac\ub2e4. \ubcf8 \uc870\uc5d0\uc11c\ub294 \uc774\ub97c \uc81c\uc870\uc5c5\uc5d0\uc11c\ub294 \ub178\ub3d9\uc744 \uc790\ubcf8\uc73c\ub85c \ub300\uccb4\ud558\ub294 \uc694\uc18c\ub300\uccb4\uc728\uc774 \ub192\uae30 \ub54c\ubb38\uc774\uace0, \uc74c\uc2dd \ubc0f \uc219\ubc15\uc5c5\uc5d0\uc11c\ub294 \uc2e0\uaddc \uc9c4\uc785\uc790 \ubc0f \ucc3d\uc5c5\uc790\uac00 \ub9ce\uae30 \ub54c\ubb38\uc73c\ub85c \ud30c\uc545\ud588\ub2e4.\r\n \uc774\ub7ec\ud55c \uacb0\uacfc\ub294 \ucd5c\uadfc\uc5d0 \ubc1c\ud45c\ub41c \ud55c\uad6d\uac1c\ubc1c\uc5f0\uad6c\uc6d0(KDI) \ucd5c\uc800\uc784\uae08 \ub9ac\ud3ec\ud2b8\uc5d0\uc11c\uc758 \uc5c5\uc885\ubcc4 \ubd84\uc11d\uacfc \ub3d9\uc77c\ud55c \uacb0\uacfc\uac00 \ub3c4\ucd9c\ub41c\ub2e4\ub294 \uc810\uc5d0\uc11c \uadf8 \uc758\uc758\ub97c \ucc3e\uc744 \uc218 \uc788\ub2e4. \ub2e4\ub9cc, \ub370\uc774\ud130\uc758 \uc218\uac00 \uc801\uc740 \uc810, \ub3c5\ub9bd\ubcc0\uc218\uc758 \uc885\ub958\uac00 \uc801\uace0, \uc624\ucc28\ud56d\uc774 \ucee4 \ubaa8\ud615\uc758 \uc2e0\ub8b0\uc131\uc774 \ub0ae\uc740 \uc810\uc740 \uc5f0\uad6c\uc758 \ud55c\uacc4\ub85c \ub0a8\uc544\uc788\ub2e4.", "abstract_eng": "", "created_date": "2018-07-16T02:08:57.070Z", "updated_date": "2018-07-16T02:13:10.549Z"}}, {"model": "reports.report", "pk": 17, "fields": {"user": 9, "is_public": true, "is_accessible": false, "authors": "\uc11c\ud55c\ube44, \uae40\ub3d9\uac74, \ud669\uc81c\uc11d, \uc724\uc11d\ud604", "title": "\ud55c\uad6d\uc740\ud589 \ud1b5\ud654\uacbd\uc2dc\ub300\ud68c \ubcf4\uace0\uc11c 1\uc870", "abstract": "\u2160. \uad6d\ub0b4\uc678\uacbd\uc81c\ub3d9\ud5a5\r\n\r\n 1. \uad6d\uc678\uacbd\uc81c\ub3d9\ud5a5\r\n\r\n 2. \uad6d\ub0b4\uacbd\uc81c\ub3d9\ud5a5\r\n\r\n 3. \uad6d\ub0b4\uae08\uc735\ub3d9\ud5a5\r\n\r\n\r\n\u2161. \uc804\ub9dd \ubc0f \uc885\ud569\ud310\ub2e8", "abstract_eng": "", "created_date": "2018-07-16T02:14:31.445Z", "updated_date": "2018-07-16T02:15:57.716Z"}}, {"model": "reports.report", "pk": 18, "fields": {"user": 9, "is_public": true, "is_accessible": false, "authors": "\uae40\uc724\ud658, \uc774\uc6b0\uc601, \ud568\uc9c0\ud61c, \ubc15\uc131\uc740", "title": "\ud3ec\uc2a4\ud2b8 \ubca0\ud2b8\ub0a8 : \uc0c8\ub85c\uc6b4 \uc0dd\uc0b0\uae30\uc9c0\ub97c \ucc3e\uae30 \uc704\ud55c \uc5f0\uad6c", "abstract": "\ubcf8 \uc5f0\uad6c\ub294 2012\ub144 \ud3ec\uc2a4\ud2b8 \ucc28\uc774\ub098 \uc0ac\ub840 \ubd84\uc11d\uc744 \ud1b5\ud574 \uae30\uc874\uc758 \uc5b4\ub5a0\ud55c \uc694\uc778\ub4e4\uc774 \uae30\uc5c5\ub4e4\ub85c \ud558\uc5ec\uae08 \uc138\uacc4\uc758 \uacf5\uc7a5\uc774\uc790 \ud575\uc2ec \uc0dd\uc0b0\uae30\uc9c0\uc600\ub358 \uc911\uad6d\uc5d0\uc11c \ubc97\uc5b4\ub098 \ubca0\ud2b8\ub0a8\uc744 \ube44\ub86f\ud55c \ub2e4\ub978 \uad6d\uac00\ub4e4\uc758 \uc2dc\uc7a5\uc73c\ub85c \uc9c4\ucd9c\ud558\uac8c \ud558\uc600\ub294\uc9c0 \uc54c\uc544\ubcf4\uace0, \uc774\ub97c \ubc14\ud0d5\uc73c\ub85c \uc0c8\ub86d\uac8c \uc0dd\uc0b0\uae30\uc9c0\ub85c \ub5a0\uc624\ub978 \ubca0\ud2b8\ub0a8\uc774 2018\ub144 \uae30\uc900\uc73c\ub85c \uacfc\uac70 \uc911\uad6d\uacfc \uc720\uc0ac\ud55c \uc9d5\ud6c4\ub97c \ubcf4\uc774\ub294 \uac83\uc744 \ubc1c\uacac\ud558\uc600\ub2e4. \ub530\ub77c\uc11c 2018\ub144 \uae30\uc900\uc73c\ub85c \ud3ec\uc2a4\ud2b8 \ubca0\ud2b8\ub0a8\uc744 \uc2ac\ub85c\uac74\uc73c\ub85c \uc0c8\ub86d\uac8c \uc120\uc815\ud55c \ud6c4\ubcf4 \uad6d\uac00\ub4e4\uc758 \uacbd\uc81c\uc801 \uc9c0\ud45c\ub4e4\uc744 \ube44\uad50 \ubd84\uc11d\ud568\uc73c\ub85c\uc368 \ubca0\ud2b8\ub0a8 \uc0dd\uc0b0\uc2dc\uc7a5\uc744 \ub300\uc2e0\ud560 \uad6d\uac00\ub4e4\uc744 \uc120\uc815\ud558\uace0\uc790 \ud558\uc600\ub2e4. \uc774\ub97c \uc704\ud574 \uc6b0\uc120 \uae00\ub85c\ubc8c \uc0dd\uc0b0\uae30\uc9c0\ub85c\uc11c\uc758 \ud22c\uc790 \ud658\uacbd\uc5d0 \ub300\ud574 \ubd84\uc11d\ud558\uc600\ub2e4. \uadf8 \uacb0\uacfc \uc678\uad6d\uc778\uc9c1\uc811\ud22c\uc790\ub294 \uacbd\uc81c\uc801 \uce21\uba74, \uc815\ucc45\uc801 \uce21\uba74, \uc0ac\ud68c\uc801 \uce21\uba74\uc774 \uc8fc\uc694 \uacb0\uc815 \uc694\uc778\uc73c\ub85c \uc791\uc6a9\ud55c\ub2e4\uace0 \ub098\ud0c0\ub0ac\ub2e4. \ub2e4\uc74c\uc73c\ub85c UNCTAD\uc758 \ud3c9\uac00 \ubc29\uc2dd\uc744 \uc77c\ubd80 \ucc28\uc6a9\ud558\uc5ec \ubc30\ud6c4\uc2dc\uc7a5, \uc0dd\uc0b0\uc694\uc18c, \uc778\ud504\ub77c, \uc548\uc815\uc131 \ubc0f \ud22c\uc790\uc81c\ub3c4 5\uac00\uc9c0 \ubd80\ubb38\uc5d0\uc11c \ud658\uacbd\uc744 \ube44\uad50 \ubd84\uc11d\ud558\uc600\ub2e4. \uadf8 \uacb0\uacfc \ud604\uc7ac\uc5d0\ub294 \uc5ec\uc804\ud788 \ubca0\ud2b8\ub0a8\uc774 \uc885\ud569 \ud3c9\uac00\uc5d0\uc11c 1\ub4f1\uc744 \ucc28\uc9c0\ud558\uc600\uace0 \uc778\ub3c4, \uc778\ub3c4\ub124\uc2dc\uc544\uac00 \ub4a4\ub97c \uc774\uc5b4 \uc0c8\ub86d\uac8c \uc8fc\ubaa9\ud560 \ub9cc\ud55c \uc0dd\uc0b0\uae30\uc9c0 \ud6c4\ubcf4\uad70\uc73c\ub85c \uc120\uc815\ub418\uc5c8\ub2e4. \ud558\uc9c0\ub9cc \ud6c4\ubcf4 \uad6d\uac00\uad70\ub4e4 \uc911\uc5d0\uc11c \uc810\uc218\ub85c \ubcf4\uc5ec \uc9c0\ub294 \uacbd\uc81c\uc801 \uc9c0\ud45c\ub294 \uc218\uce58\uac00 \uc544\uc9c1 \ub9ce\uc774 \ub0ae\uc9c0\ub9cc \uc815\uc131\uc801\uc73c\ub85c \uc2dc\uac04\uc758 \uacbd\uacfc\uc5d0 \ub530\ub978 \uacbd\uc81c\uc801 \uc131\uc7a5\uc744 \uba87 \uac00\uc9c0 \uc9c0\ud45c\ub85c \ucd94\uc801\ud574\ubcf8 \uacb0\uacfc, \ube60\ub978 \uc131\uc7a5 \uc18d\ub3c4\ub97c \ubcf4\uc774\uace0 \uc788\uace0 \uc7a0\uc7ac\ub825 \uce21\uba74\uc5d0\uc11c \ub192\uc774 \ud3c9\uac00\ud560\ub9cc\ud55c \uad6d\uac00\ub85c\uc11c \ubbf8\uc580\ub9c8\uc640 \ubc29\uae00\ub77c\ub370\uc2dc\ub97c \ucd94\uac00\ub85c \uc120\uc815\ud558\uace0, \ubca0\ud2b8\ub0a8\uacfc \ube44\uad50 \ubd84\uc11d\uc744 \ud1b5\ud574 \uc7a0\uc7ac\ub825\uc744 \ud30c\uc545\ud558\ub824 \ud558\uc600\ub2e4. \uc774\ubc88 \uc5f0\uad6c\ub97c \ud1b5\ud574 \ud5a5 \ud6c4 \uba87 \ub144\uc740 \ubca0\ud2b8\ub0a8\uc774 \ud575\uc2ec \uc0dd\uc0b0\uae30\uc9c0\ub85c \uc5ec\uc804\ud788 \uac15\uc138\ub97c \ub5a8\uce60 \uac83\uc73c\ub85c \ubcf4\uc778\ub2e4. \ub2e4\ub9cc \uae30\uc874\uc758 \ub178\ub3d9\uc9d1\uc57d\uc801 \uc0b0\uc5c5\uc5d0\uc11c\uc758 \uc784\uae08 \ub4f1\uc758 \ubb38\uc81c\ub85c \uae30\uc5c5\ub4e4\uc758 \ud0c8 \ubca0\ud2b8\ub0a8 \ud604\uc0c1\uc774 \uc9c4\ud589\ub418\uace0 \uc788\uace0, \uace0\ubd80\uac00 \uac00\uce58 \uc0b0\uc5c5\uc5d0 \uc9d1\uc911\ud558\ub824\ub294 \uae30\uc5c5 \ubc0f \uc815\ubd80 \uc815\ucc45\uc73c\ub85c \uc778\ud574 \ub2e8\uc21c \ub178\ub3d9 \uc704\uc8fc\uc758 \uc0b0\uc5c5\uc758 \uc774\ud0c8\uc774 \ud5a5\ud6c4 \uac00\uc18d\ud654\ub418\uace0 \uc774\uc5d0 \ub530\ub978 \uc218\uc694\ub97c \uac10\ub2f9\ud560 \uc218 \uc788\ub294 \uad6d\uac00\ub85c\uc11c \ubcf8 \uc5f0\uad6c\uc5d0\uc11c \uc120\uc815\ud55c \uad6d\uac00\ub4e4\uc774 \uc0dd\uc0b0\uae30\uc9c0 \uc5ed\ud560\uc744 \ub300\uc2e0\ud560 \uac00\ub2a5\uc131\uc774 \ub192\uc744 \uac83\uc73c\ub85c \ubcf4\uc778\ub2e4.", "abstract_eng": "", "created_date": "2018-07-16T02:16:41.971Z", "updated_date": "2018-07-16T02:17:48.924Z"}}, {"model": "reports.report", "pk": 19, "fields": {"user": 9, "is_public": true, "is_accessible": false, "authors": "\uc624\ud615\uc11d, \uc774\uc9c0\uc120, \uc774\ub3d9\uaddc", "title": "\ubc84\ube14\uc758 \uc774\ud574\uc640 \ud604 \uc8fc\uc2dd\uc2dc\uc7a5 \uace0\ucc30", "abstract": "\ubcf8 \uc5f0\uad6c\ub294 \uc7a5\uae30\uc801\uc778 \ud22c\uc790\uc5d0 \uc788\uc5b4\uc11c \ubc84\ube14\uc758 \uc704\ud5d8\uc131\uc744 \uc804\uc81c\ud558\uace0 \ubc84\ube14\uc744 \uad00\ucc30\ud558\uae30 \uc704\ud55c \ubc29\ubc95\uc73c\ub85c \ucf04\ud53c\uc154\uac00 \uc81c\uc548\ud55c \uc218\uc694\uacf5\uae09\uace1\uc120\uc758 \uc6d0\ub9ac\ub97c \uc774\uc6a9\ud558\uc600\ub2e4. \uc774\ub97c \ud1b5\ud574 \uacfc\uac70 \uc138\uac00\uc9c0 \ubc84\ube14\uc0c1\ud669\uc744 \uc870\ub9dd\ud558\uace0 \ud604\uc7ac\uc758 \ucf54\uc2a4\ud53c\uc640 \ucf54\uc2a4\ub2e5\uc2dc\uc7a5\uc744 \ubd84\uc11d\ud558\uc600\ub2e4. \ubd84\uc11d\uc744 \uc704\ud55c \ub370\uc774\ud130\ub85c\ub294 \uc8fc\uac00\uc9c0\uc218, \uac70\ub798\ub7c9, \ub808\ubc84\ub9ac\uc9c0, \uc8fc\ud0dd\ucc29\uacf5, ICO, IPO, \uc720\uc0c1\uc99d\uc790\ub97c \uc774\uc6a9\ud558\uc600\ub2e4. \r\n \uc8fc\uc694 \uc2e4\uc99d\ubd84\uc11d\uc758 \uacb0\uacfc\ub294 \ub2e4\uc74c\uacfc \uac19\ub2e4. \ubcf8\ub860 2\uc5d0\uc11c \ubd84\uc11d\ud55c \ucf54\uc2a4\ub2e5IT\ubc84\ube14\uacfc 2017\ucf54\uc778\ubc84\ube14 \uadf8\ub9ac\uace0 2008\uc8fc\ud0dd\ubc84\ube14\uc758 \uc0ac\ub840\uc5d0\uc11c\ub294 \uc218\uc694\uacf5\uae09\uace1\uc120\uc758 \ud2b9\uc9d5\uc774 \ub098\ud0c0\ub0ac\ub2e4. \uac00\uaca9\uacfc \uac70\ub798\ub7c9 \uadf8\ub9ac\uace0 \ub808\ubc84\ub9ac\uc9c0\uac00 \uc99d\uac00\ud558\uace0 \uacf5\uae09\uc774 \uac00\uaca9\uc0c1\uc2b9\uc5d0 \ub530\ub77c \uc99d\uac00\ud588\ub2e4. \ubcf8\ub860 2\uc5d0\uc11c \uc218\uc694\uacf5\uae09\uc6d0\ub9ac\uc758 \uc720\uc6a9\uc131\uc744 \ud655\uc778\ud55c \ud6c4 \ubcf8\ub860 3\uc5d0\uc11c 2002~2018 \ucf54\uc2a4\ud53c\uc640 \ucf54\uc2a4\ub2e5 \uc2dc\uc7a5\uc744 \ubd84\uc11d\ud558\uc600\ub2e4. \uc8fc\uac00\uc9c0\uc218\uc640 \uac70\ub798\ub7c9  \ub808\ubc84\ub9ac\uc9c0 \uadf8\ub9ac\uace0 \uc720\uc0c1\uc99d\uc790\uac00 \ubaa8\ub450 \uc99d\uac00\ud55c \uc0c1\ud669\uc740 2007\ub144\uc774\uc5c8\uc73c\uba70 \uc2e4\uc81c\ub85c \ucf54\uc2a4\ud53c\uc640 \ucf54\uc2a4\ub2e5 \uc2dc\uc7a5\ubaa8\ub450 \uc7a5\uae30\uac04 2007\ub144\uc5d0 \ud615\uc131\ud55c \uace0\uc810\uc744 \uc720\uc758\ubbf8\ud558\uac8c \ub118\uae30\uc9c0 \ubabb\ud558\uc600\ub2e4.   \ud604\uc7ac\uc758 \ucf54\uc2a4\ud53c\uc2dc\uc7a5 \uad00\ucc30 \uacb0\uacfc\ub294 \uac70\ub798\ub7c9\uacfc \uc2e0\uc6a9\ud22c\uc790 \uc99d\uac00\uac00 \uc788\uc73c\ub098 \uacf5\uae09\uc774 \uc99d\uac00\ud558\uace0 \uc788\uc9c0 \uc54a\ub2e4\ub294 \uc810\uc5d0\uc11c \ubc84\ube14\uc774\ub77c\uace0 \ud310\ub2e8\ub418\uc9c0\ub294 \uc54a\uc73c\uba70 \ucf54\uc2a4\ub2e5\uc758 \uacbd\uc6b0 \uac70\ub798\ub7c9 \uc2e0\uc6a9\ud22c\uc790 \uadf8\ub9ac\uace0 \uacf5\uae09\uae4c\uc9c0 \uc99d\uac00\ud558\uace0 \uc788\ub2e4\ub294 \uc810\uc5d0\uc11c \ubc84\ube14\uc774\ub77c\uace0 \ud310\ub2e8\ub41c\ub2e4.", "abstract_eng": "", "created_date": "2018-07-16T02:18:39.997Z", "updated_date": "2018-07-16T02:19:33.380Z"}}, {"model": "reports.report", "pk": 20, "fields": {"user": 9, "is_public": true, "is_accessible": false, "authors": "\uc774\uc740\ubbfc, \ubc15\uacbd\uc218, \uc2e0\ud604\ubbfc, \uae40\ub3c4\ud76c", "title": "\uad6d\ub0b4\uc678 \uacbd\uc81c\ub3d9\ud5a5\uacfc \uc804\ub9dd : \ud55c\uad6d\uc740\ud589 \ud1b5\ud654\uc815\ucc45 \uacbd\uc2dc\ub300\ud68c \ubcf4\uace0\uc11c G\uc870", "abstract": "\u2160. \uad6d\ub0b4\uc678\uacbd\uc81c\ub3d9\ud5a5\r\n\r\n 1. \uad6d\uc678\uacbd\uc81c\ub3d9\ud5a5\r\n\r\n 2. \uad6d\ub0b4\uacbd\uc81c\ub3d9\ud5a5\r\n\r\n 3. \uad6d\ub0b4\uae08\uc735\ub3d9\ud5a5\r\n\r\n\u2161. \uc804\ub9dd \ubc0f \uc885\ud569\ud310\ub2e8", "abstract_eng": "", "created_date": "2018-07-16T02:20:30.752Z", "updated_date": "2018-07-16T02:24:27.146Z"}}, {"model": "reports.report", "pk": 21, "fields": {"user": 9, "is_public": true, "is_accessible": false, "authors": "\uae40\uc9c4\ud64d, \ubc30\ucca0\uc9c4, \uc548\uc9c0\ud6c8, \uae40\uc9c4\uc131", "title": "\ud14d\uc2a4\ud2b8 \ub9c8\uc774\ub2dd \uae30\ubc95\uc744 \ud1b5\ud55c \uacbd\uc81c \uc2ec\ub9ac \ubd84\uc11d : \uacbd\uc81c \uad00\ub828 \uae30\uc0ac \ub0b4 \ucd9c\ud604 \ub2e8\uc5b4\ub97c \ud1b5\ud55c \uacbd\uae30 \ubcc0\ub3d9 \ud655\uc778", "abstract": "\ubcf8 \uc5f0\uad6c\ub294 \ud14d\uc2a4\ud2b8 \ub9c8\uc774\ub2dd \uae30\ubc95\uc744 \ud1b5\ud574 \ub300\ud55c\ubbfc\uad6d\uc758 \uac70\uc2dc\uacbd\uc81c \uc0c1\ud669\uc5d0 \ub300\ud55c \uc774\ud574\ub97c \ud574\ubcf4\uace0\uc790 \ud558\ub294 \uc2dc\ub3c4\uc774\ub2e4. \uc774\ub97c \uc704\ud574 \uad6d\ub0b4 \ud3ec\ud138\uc0ac\uc774\ud2b8\uc5d0\uc11c \uacbd\uc81c \uad00\ub828 \uae30\uc0ac\ub4e4\uc744 \ud06c\ub864\ub9c1\ud558\uace0 \ub370\uc774\ud130 \uc804\ucc98\ub9ac \uacfc\uc815\uc744 \uac70\uce5c \ud6c4 \ube44\uc815\ud615 \ub370\uc774\ud130\ub4e4\uc744 \uc218\uce58\ud654\ud558\uc5ec \ub85c\uc9c0\uc2a4\ud2f1 \ud68c\uadc0\ubaa8\ud615(Logistic regression)\uc744 \ud1b5\ud574 \uae30\uc0ac\ub4e4\uc744 \ubd84\uc11d\ud558\uc600\ub2e4. \ubd84\uc11d \uacb0\uacfc \uce68\uccb4, \ud558\ub77d, \uc704\uae30 \uac19\uc740 \ub2e8\uc5b4\uac00 \uacbd\uc81c \uc704\uae30 \uc0c1\ud669\uc77c \ub54c \uc720\uc758\ubbf8\ud55c \uac83\uc73c\ub85c \ub098\ud0c0\ub0ac\ub2e4. \ub2e4\uc74c\uc73c\ub85c \uce68\uccb4, \uc704\uae30 \ub2e8\uc5b4\uac00 \ub098\ud0c0\ub098\ub294 \uacbd\uc81c \uae30\uc0ac\ub4e4\uc774 \ub9e4\uc6d4 \uba87\ud68c \ub098\ud0c0\ub0ac\ub294\uc9c0 \ub2e4\uc2dc \ub370\uc774\ud130\ub97c \uc815\ub9ac\ud558\uc600\uc73c\uba70 \uc774\ub97c \uad11\uacf5\uc5c5 \uc0dd\uc0b0\uc9c0\uc218\uc640 GDP\uc640 \ube44\uad50\ud574\ubcf8 \uacb0\uacfc \uc5ed\uc0c1\uad00 \uad00\uacc4\uac00 \uc788\uc74c\uc744 \ud655\uc778\ud560 \uc218 \uc788\uc5c8\ub2e4.", "abstract_eng": "", "created_date": "2018-07-16T02:25:27.517Z", "updated_date": "2018-07-16T02:30:33.613Z"}}, {"model": "reports.report", "pk": 22, "fields": {"user": 9, "is_public": true, "is_accessible": false, "authors": "\uae40\uac74\ud638, \ub958\ucc3d\ud604, \uae40\ub450\uc9c4, \uae40\ud6a8\uc601", "title": "Price is a leading factor: Dynamic relationships among bitcoin price, trading volume and market sent", "abstract": "", "abstract_eng": "From June in 2017 to March in 2018, there were speculative rise and fall in bitcoin price in South Korea. The abnormal price excited the public to participate in the market since soaring trend was kept more than four months with optimistic expectations for future earnings. Our research aims to depict a hypothetical relationship among bitcoin price and trading volume by using the cooperative game model made up of leading group with big players who can affect the prices in cryptocurrency market by strong purchasing power and follower groups who have relatively weak purchasing power. Moreover, we also tried to examine our game model with introduction of market sentiment (internet forum and newspapers) as proxy variables to verify does price affects market participant\u2019s decision-making to buy bitcoin. The empirical analysis was conducted to (1) test whether South Korea bitcoin market was in bubble period by using Phillips-Shi-Yu(PSY) Model (2) explain the casual relationships in our model using autoregressive distributed lag(ARDL) model. Market sentiment is measured by sentiment analysis and we recalculated polarized value (positive vs. negative) into differences between positive and negative sentiment on each article\u2019s title. In results, our game model reveals that following leader group\u2019s strategy is optimal decision as for follower group, Empirical analysis addresses that (1) South Korea bitcoin market experienced sporadic bubble periods (2) bitcoin price affects market sentiment in both Internet Forum and newspapers, however, only newspaper\u2019s sentiment has an impact on bitcoin trading volume. The results imply that trading volume was driven by news coverage which is led by soaring price trends, and the market is considered to follow Minsky model rather than efficient market hypothesis.", "created_date": "2018-07-16T02:32:21.294Z", "updated_date": "2018-07-16T02:33:09.438Z"}}, {"model": "reports.report", "pk": 23, "fields": {"user": 2, "is_public": false, "is_accessible": true, "authors": "\uae40\ub3d9\uc774", "title": "New Report 2018.09.12 22.34.40", "abstract": "", "abstract_eng": "", "created_date": "2018-09-12T13:34:40.679Z", "updated_date": "2018-09-12T13:36:36.477Z"}}, {"model": "reports.reportfile", "pk": 1, "fields": {"user": 3, "report": 1, "created_date": "2018-06-22T07:36:18.000Z", "commit_message": "", "enabled": true, "filename": "Team C. Bitcoin Bubble.pdf", "file": "reports/godaa2/1/Team_C._Bitcoin_Bubble.20180622163617.PDF"}}, {"model": "reports.reportfile", "pk": 2, "fields": {"user": 3, "report": 1, "created_date": "2018-06-22T07:39:54.070Z", "commit_message": "", "enabled": false, "filename": "Team C. Bitcoin Bubble.pdf", "file": "reports/godaa2/1/Team_C._Bitcoin_Bubble.20180622163954.PDF"}}, {"model": "reports.reportfile", "pk": 3, "fields": {"user": 1, "report": 3, "created_date": "2018-06-22T19:41:11.627Z", "commit_message": "", "enabled": true, "filename": "WEEK00_COURSE_GUIDE.pdf", "file": "reports/ajou.arxiv/3/WEEK00_COURSE_GUIDE.20180623044111.PDF"}}, {"model": "reports.reportfile", "pk": 4, "fields": {"user": 2, "report": 4, "created_date": "2018-06-24T16:20:22.355Z", "commit_message": "Deep Set Net", "enabled": true, "filename": "[DeepSetNet] Predicting Sets with Deep Neural Networks.pdf", "file": "reports/waps12b/4/DeepSetNet_Predicting_Sets_with_Deep_Neural_Networks.20180625012022.PDF"}}, {"model": "reports.reportfile", "pk": 5, "fields": {"user": 2, "report": 4, "created_date": "2018-06-24T20:11:16.450Z", "commit_message": "", "enabled": false, "filename": "deep-motion_paper.pdf", "file": "reports/waps12b/4/deep-motion_paper.20180625051116.PDF"}}, {"model": "reports.reportfile", "pk": 6, "fields": {"user": 2, "report": 5, "created_date": "2018-06-24T20:12:36.043Z", "commit_message": "", "enabled": true, "filename": "Dynamic Routing Between Capsules.pdf", "file": "reports/waps12b/5/Dynamic_Routing_Between_Capsules.20180625051236.PDF"}}, {"model": "reports.reportfile", "pk": 7, "fields": {"user": 5, "report": 6, "created_date": "2018-06-24T20:21:08.691Z", "commit_message": "", "enabled": true, "filename": "Dynamic Routing Between Capsules.pdf", "file": "reports/test@codingmonster.net/6/Dynamic_Routing_Between_Capsules.20180625052108.PDF"}}, {"model": "reports.reportfile", "pk": 8, "fields": {"user": 7, "report": 10, "created_date": "2018-06-25T13:49:48.720Z", "commit_message": "", "enabled": true, "filename": "6\uc870 \ucd5c\uc800\uc784\uae08\uacfc \uc18c\ub4dd\uc8fc\ub3c4\uc131\uc7a5\ub860.pdf", "file": "reports/gasspoR/10/6\uc870_\ucd5c\uc800\uc784\uae08\uacfc_\uc18c\ub4dd\uc8fc\ub3c4\uc131\uc7a5\ub860.20180625224948.PDF"}}, {"model": "reports.reportfile", "pk": 9, "fields": {"user": 9, "report": 16, "created_date": "2018-07-16T02:12:48.759Z", "commit_message": "", "enabled": true, "filename": "\u1100\u1167\u11bc\u110c\u1166\u1112\u1167\u11ab\u110b\u1161\u11ab\u1109\u1166\u1106\u1175\u1102\u1161 6\u110c\u1169 - \u110e\u116c\u110c\u1165\u110b\u1175\u11b7\u1100\u1173\u11b7\u1100\u116a \u1109\u1169\u1103\u1173\u11a8\u110c\u116e\u1103\u1169\u1109\u1165\u11bc\u110c\u1161\u11bc\u1105\u1169\u11ab.pdf", "file": "reports/tbk/16/\u1100\u1167\u11bc\u110c\u1166\u1112\u1167\u11ab\u110b\u1161\u11ab\u1109\u1166\u1106\u1175\u1102\u1161_6\u110c\u1169_-_\u110e\u116c\u110c\u1165\u110b\u1175\u11b7\u1100\u1173\u11b7\u1100\u116a_\u1109\u1169\u1103\u1173\u11a8\u110c\u116e\u1103\u1169\u1109\u1165\u11bc\u110c\u1161\u11bc\u1105\u1169\u11ab.20180716111248.PDF"}}, {"model": "reports.reportfile", "pk": 10, "fields": {"user": 9, "report": 17, "created_date": "2018-07-16T02:15:48.324Z", "commit_message": "", "enabled": true, "filename": "\u1100\u1167\u11bc\u110c\u1166\u1112\u1167\u11ab\u110b\u1161\u11ab\u1109\u1166\u1106\u1175\u1102\u1161(\u1112\u1161\u11ab\u1100\u116e\u11a8\u110b\u1173\u11ab\u1112\u1162\u11bc1\u110c\u1169).pdf", "file": "reports/tbk/17/\u1100\u1167\u11bc\u110c\u1166\u1112\u1167\u11ab\u110b\u1161\u11ab\u1109\u1166\u1106\u1175\u1102\u1161\u1112\u1161\u11ab\u1100\u116e\u11a8\u110b\u1173\u11ab\u1112\u1162\u11bc1\u110c\u1169.20180716111548.PDF"}}, {"model": "reports.reportfile", "pk": 11, "fields": {"user": 9, "report": 18, "created_date": "2018-07-16T02:17:39.660Z", "commit_message": "", "enabled": true, "filename": "\u1100\u1167\u11bc\u110c\u1166\u1112\u1167\u11ab\u110b\u1161\u11ab\u1109\u1166\u1106\u1175\u1102\u1161 \u1102\u1169\u11ab\u1106\u116e\u11ab (\u1111\u1169\u1109\u1173\u1110\u1173 \u1107\u1166\u1110\u1173\u1102\u1161\u11b7).pdf", "file": "reports/tbk/18/\u1100\u1167\u11bc\u110c\u1166\u1112\u1167\u11ab\u110b\u1161\u11ab\u1109\u1166\u1106\u1175\u1102\u1161_\u1102\u1169\u11ab\u1106\u116e\u11ab_\u1111\u1169\u1109\u1173\u1110\u1173_\u1107\u1166\u1110\u1173\u1102\u1161\u11b7.20180716111739.PDF"}}, {"model": "reports.reportfile", "pk": 12, "fields": {"user": 9, "report": 19, "created_date": "2018-07-16T02:19:27.900Z", "commit_message": "", "enabled": true, "filename": "\u1100\u1167\u11bc\u1112\u1167\u11ab\u1109\u1166 \u110e\u116c\u110c\u1169\u11bc\u1107\u1169\u1100\u1169\u1109\u1165.pdf", "file": "reports/tbk/19/\u1100\u1167\u11bc\u1112\u1167\u11ab\u1109\u1166_\u110e\u116c\u110c\u1169\u11bc\u1107\u1169\u1100\u1169\u1109\u1165.20180716111927.PDF"}}, {"model": "reports.reportfile", "pk": 13, "fields": {"user": 9, "report": 20, "created_date": "2018-07-16T02:24:21.260Z", "commit_message": "", "enabled": true, "filename": "\u1100\u1167\u11bc\u110c\u1166\u1112\u1167\u11ab\u110b\u1161\u11ab\u1109\u1166\u1106\u1175\u1102\u1161 \u1107\u1169\u1100\u1169\u1109\u1165_\u1112\u1161\u11ab\u1100\u116e\u11a8\u110b\u1173\u11ab\u1112\u1162\u11bc \u1110\u1169\u11bc\u1112\u116a\u110c\u1165\u11bc\u110e\u1162\u11a8 \u1100\u1167\u11bc\u1109\u1175\u1103\u1162\u1112\u116c.pdf", "file": "reports/tbk/20/\u1100\u1167\u11bc\u110c\u1166\u1112\u1167\u11ab\u110b\u1161\u11ab\u1109\u1166\u1106\u1175\u1102\u1161_\u1107\u1169\u1100\u1169\u1109\u1165_\u1112\u1161\u11ab\u1100\u116e\u11a8\u110b\u1173\u11ab\u1112\u1162\u11bc_\u1110\u1169\u11bc\u1112\u116a\u110c\u1165\u11bc\u110e\u1162\u11a8_\u1100\u1167\u11bc\u1109\u1175\u1103\u1162\u1112\u116c.20180716112421.PDF"}}, {"model": "reports.reportfile", "pk": 14, "fields": {"user": 9, "report": 21, "created_date": "2018-07-16T02:30:28.947Z", "commit_message": "", "enabled": true, "filename": "\u1100\u1167\u11bc\u110c\u1166 \u1112\u1167\u11ab\u110b\u1161\u11ab \u1109\u1166\u1106\u1175\u1102\u1161 \u1107\u1169\u1100\u1169\u1109\u1165(\u1110\u1166\u11a8\u1109\u1173\u1110\u1173 \u1106\u1161\u110b\u1175\u1102\u1175\u11bc \u1100\u1175\u1107\u1165\u11b8\u110b\u1173\u11af \u1110\u1169\u11bc\u1112\u1161\u11ab \u1100\u1167\u11bc\u110c\u1166 \u1109\u1175\u11b7\u1105\u1175 \u1107\u116e\u11ab\u1109\u1165\u11a8).pdf", "file": "reports/tbk/21/\u1100\u1167\u11bc\u110c\u1166_\u1112\u1167\u11ab\u110b\u1161\u11ab_\u1109\u1166\u1106\u1175\u1102\u1161_\u1107\u1169\u1100\u1169\u1109\u1165\u1110\u1166\u11a8\u1109\u1173\u1110\u1173_\u1106\u1161\u110b\u1175\u1102\u1175\u11bc_\u1100\u1175\u1107\u1165\u11b8\u110b\u1173\u11af_\u1110\u1169\u11bc\u1112\u1161\u11ab_\u1100\u1167\u11bc\u110c\u1166_\u1109\u1175\u11b7\u1105\u1175_\u1107\u116e\u11ab_RLl2zgq.PDF"}}, {"model": "reports.reportfile", "pk": 15, "fields": {"user": 9, "report": 22, "created_date": "2018-07-16T02:33:04.380Z", "commit_message": "", "enabled": true, "filename": "Team C. Bitcoin Bubble.pdf", "file": "reports/tbk/22/Team_C._Bitcoin_Bubble.20180716113304.PDF"}}, {"model": "accounts.profile", "pk": 1, "fields": {"user": 1, "student_id": "000000000", "name_kor": "\uad00\ub9ac\uc790"}}, {"model": "accounts.profile", "pk": 2, "fields": {"user": 2, "student_id": "201724516", "name_kor": "\uae40\ub3d9\uc774"}}, {"model": "accounts.profile", "pk": 3, "fields": {"user": 3, "student_id": "\ud559\ubc88\uc5c6\uc74c", "name_kor": "\uc774\ub984\uc5c6\uc74c"}}, {"model": "accounts.profile", "pk": 4, "fields": {"user": 4, "student_id": "\ud559\ubc88\uc5c6\uc74c", "name_kor": "\uc774\ub984\uc5c6\uc74c"}}, {"model": "accounts.profile", "pk": 5, "fields": {"user": 5, "student_id": "000000000", "name_kor": "\ud14c\uc2a4\ud130"}}, {"model": "accounts.profile", "pk": 6, "fields": {"user": 6, "student_id": "\ud559\ubc88\uc5c6\uc74c", "name_kor": "\uc774\ub984\uc5c6\uc74c"}}, {"model": "accounts.profile", "pk": 7, "fields": {"user": 7, "student_id": "\ud559\ubc88\uc5c6\uc74c", "name_kor": "\uc774\ub984\uc5c6\uc74c"}}, {"model": "accounts.profile", "pk": 8, "fields": {"user": 8, "student_id": "\ud559\ubc88\uc5c6\uc74c", "name_kor": "\uc774\ub984\uc5c6\uc74c"}}, {"model": "accounts.profile", "pk": 9, "fields": {"user": 9, "student_id": "\ud559\ubc88\uc5c6\uc74c", "name_kor": "\uc774\ub984\uc5c6\uc74c"}}, {"model": "accounts.profile", "pk": 10, "fields": {"user": 10, "student_id": "201610569", "name_kor": "\uc5f0\ud604\uc815"}}, {"model": "accounts.profile", "pk": 11, "fields": {"user": 11, "student_id": "201423144", "name_kor": "\uc548\uc9c0\ud6c8"}}, {"model": "accounts.passwordchangerequest", "pk": 1, "fields": {"user": 2, "hashcode": "00e16f2df743cd613e3d2128fbd37b8c77f4e6871ac1f58bd27f6e8ab3cb7f82", "created_date": "2018-09-12T12:59:18.247Z", "expired_date": "2018-09-13T12:59:18.247Z"}}, {"model": "admin.logentry", "pk": 1, "fields": {"action_time": "2018-06-22T05:32:38.657Z", "user": 1, "content_type": 17, "object_id": "1", "object_repr": "\uad00\ub9ac\uc790 (000000000, ajou.arxiv@gmail.com)", "action_flag": 2, "change_message": "[{\"changed\": {\"fields\": [\"student_id\", \"name_kor\"]}}]"}}, {"model": "admin.logentry", "pk": 2, "fields": {"action_time": "2018-06-22T05:44:03.535Z", "user": 1, "content_type": 4, "object_id": "2", "object_repr": "waps12b", "action_flag": 2, "change_message": "[{\"changed\": {\"fields\": [\"is_staff\", \"is_superuser\"]}}]"}}, {"model": "admin.logentry", "pk": 3, "fields": {"action_time": "2018-06-22T20:37:39.858Z", "user": 1, "content_type": 4, "object_id": "4", "object_repr": "wjdckdwo1313", "action_flag": 2, "change_message": "[{\"changed\": {\"fields\": [\"is_staff\"]}}]"}}, {"model": "admin.logentry", "pk": 4, "fields": {"action_time": "2018-06-24T20:19:48.453Z", "user": 2, "content_type": 4, "object_id": "5", "object_repr": "test@codingmonster.net", "action_flag": 1, "change_message": "[{\"added\": {}}]"}}, {"model": "admin.logentry", "pk": 5, "fields": {"action_time": "2018-06-24T20:20:06.326Z", "user": 2, "content_type": 4, "object_id": "5", "object_repr": "test@codingmonster.net", "action_flag": 2, "change_message": "[{\"changed\": {\"fields\": [\"first_name\", \"last_name\", \"email\"]}}]"}}, {"model": "admin.logentry", "pk": 6, "fields": {"action_time": "2018-06-24T20:20:35.890Z", "user": 2, "content_type": 17, "object_id": "5", "object_repr": "\ud14c\uc2a4\ud130 (000000000, test@codingmonster.net)", "action_flag": 2, "change_message": "[{\"changed\": {\"fields\": [\"student_id\", \"name_kor\"]}}]"}}, {"model": "admin.logentry", "pk": 7, "fields": {"action_time": "2018-06-27T07:24:49.775Z", "user": 1, "content_type": 4, "object_id": "10", "object_repr": "yanayeon", "action_flag": 2, "change_message": "[{\"changed\": {\"fields\": [\"is_staff\"]}}]"}}, {"model": "admin.logentry", "pk": 8, "fields": {"action_time": "2018-06-27T07:29:25.626Z", "user": 1, "content_type": 4, "object_id": "10", "object_repr": "yanayeon", "action_flag": 2, "change_message": "[{\"changed\": {\"fields\": [\"first_name\", \"last_name\"]}}]"}}, {"model": "admin.logentry", "pk": 9, "fields": {"action_time": "2018-06-27T07:33:49.823Z", "user": 10, "content_type": 4, "object_id": "10", "object_repr": "yanayeon", "action_flag": 2, "change_message": "[]"}}, {"model": "admin.logentry", "pk": 10, "fields": {"action_time": "2018-06-27T07:34:58.239Z", "user": 1, "content_type": 4, "object_id": "10", "object_repr": "yanayeon", "action_flag": 2, "change_message": "[]"}}, {"model": "admin.logentry", "pk": 11, "fields": {"action_time": "2018-06-27T07:37:19.200Z", "user": 1, "content_type": 17, "object_id": "10", "object_repr": "\uc5f0\ud604\uc815 (201610569, yanayeon@ajou.ac.kr)", "action_flag": 2, "change_message": "[{\"changed\": {\"fields\": [\"student_id\", \"name_kor\"]}}]"}}, {"model": "admin.logentry", "pk": 12, "fields": {"action_time": "2018-06-28T00:31:33.113Z", "user": 1, "content_type": 4, "object_id": "9", "object_repr": "tbk", "action_flag": 2, "change_message": "[{\"changed\": {\"fields\": [\"is_staff\"]}}]"}}, {"model": "admin.logentry", "pk": 13, "fields": {"action_time": "2018-06-29T01:37:56.931Z", "user": 2, "content_type": 11, "object_id": "1", "object_repr": "NoticePostModel object", "action_flag": 2, "change_message": "[{\"changed\": {\"fields\": [\"is_visible\"]}}]"}}, {"model": "admin.logentry", "pk": 14, "fields": {"action_time": "2018-06-30T17:23:33.358Z", "user": 1, "content_type": 4, "object_id": "2", "object_repr": "waps12b", "action_flag": 2, "change_message": "[{\"changed\": {\"fields\": [\"first_name\", \"last_name\"]}}]"}}, {"model": "admin.logentry", "pk": 15, "fields": {"action_time": "2018-06-30T17:23:44.905Z", "user": 1, "content_type": 4, "object_id": "2", "object_repr": "waps12b", "action_flag": 2, "change_message": "[{\"changed\": {\"fields\": [\"first_name\", \"last_name\"]}}]"}}]